name,maxGuests
Pdt. Alex Sardo Cesario Saragih,3
Pdt. Dahlia Vera Aruan,3
Pdt. Darmawasih Manullang,2
Pdt. Joas Adiprasetya,2
Pnt. Abraham Rovialdy Imanka Istamar,2
Pnt. Agung Surya Handaka,2
Pnt. Andhika Adiputra,2
Pnt. Andreas Eka Satria,2
Pnt. Andree Octavianus Sinaga,2
Pnt. Anto M. Christian Sihombing,2
Pnt. Arman Sulaiman,2
Pnt. Bambang Priantomo,2
Pnt. Briena Beverly Tuahatu,2
Pnt. Budi Triaprison Ginting,2
Pnt. Carita Tamzil,2
Pnt. Christian Tansil,2
Pnt. Damelia Falentina,2
Pnt. Dapot Parulian Panjaitan,2
Pnt. David Hutagalung,2
Pnt. Dekky Desman,2
Pnt. Denny Mudjiprawiro,2
Pnt. Eldysa Anggrahini W,2
Pnt. Esther Matiur Yuniari Harahap,2
Pnt. Felicia Yulianti Bunarsih,2
Pnt. Glory Henriette Kristanto,2
Pnt. Gunawan Wiraatmadja,2
Pnt. Ingrid Kosasih,2
Pnt. Johny Johan,2
Pnt. Justine Kang,2
Pnt. Kristin Bikartikawati ,2
Pnt. Laksmi Sutanto Tobing,2
Pnt. Lies Leonardi,2
Pnt. Liliana Zakaria & Octavius Iwan,3
Pnt. Lucy Eni Aswan,2
Pnt. Markus Sugiaman,2
Pnt. Marta Juslily,2
Pnt. Megawanti Elisa Soegondo,2
Pnt. Naniek N. Setijadi,2
Pnt. Natalia Pandiangan,2
Pnt. Nikki Maisan Sulistio,2
Pnt. Ricky Bangsaratoe,2
Pnt. Rika Martina,2
Pnt. Sansana Bully Rahardjo,2
Pnt. Sapto Winarno,2
Pnt. Suzy Anne Rompas,2
Pnt. Teguh Prasetyo Budiono Esra Sihombing,2
Pnt. Telma Bawanda,2
Pnt. Thea Marianna Kamadjaja ,2
Pnt. Trisakti Rinastuti,2
Pnt. Vicky Reinita,2
Pnt. Youlita J. Karundeng,2
Pdt. Luisye Sia,2
Steven Ananta Nugraha,2
Pdt. EM. Agus Susanto,2
Pdt. EM. Rudianto Djajakartika,2
Pdt. EM. Tumpal Tobing,2
Elisabeth Purboyo,2
DAISY RATTU,2
DITA PRAWIRANINGSIH,2
DWI PANGESTUTI,2
EDWARD T P SITORUS & LENNY CAROLINA,2
ERNAWATY BR TAMBA SIHOTANG,2
EVI SIMANJUNTAK,2
FABIAN PASCOAL & VONNY PASCOAL,2
FIRMAN M SILALAHI & DOROTHY AGAPELINA,2
FREDDY WILMANA & INDRI,2
HALIM ATMADJA & NINA SUSILO ATMADJA,2
HOTMA ABIGAIL SIRAIT,2
ISHAK HATURONGAN & NUGRAHA SITUMEANG (Nugie),2
ISNANIA SARWONO,2
JACOB TOBING & ADRIANA TOBING,2
JAKUB ZAKARIA & SUSANA ZAKARIA,2
JANNES HUTAGALUNG & SONDANG HARAHAP,2
JOICE KAHURIPAN,2
LAUDIN SIMANJUNTAK & MAGDALENA D SIMANJUNTAK,2
LUCIA BAMBANG SUBOKO,2
MARTHARIA SIMATUPANG & THL TOBING,2
NEFRITIRI WIBOWO,2
NINNY RUMBAYAN,2
OLNA SAMBOUW & AGOES SOEKARNO,2
RATNA SIANTURI,2
RISMA IDA DAMERIA NASUTION,2
SANTUN HUTAGALUNG & THERESIA O SIAHAAN,2
SISCA SITOMPUL PONTOH,2
SRI HIDAYAT,2
SRI RAHAYU SIMANJUNTAK,2
SRI SETYO SIAHAAN  (ANDAYANI),2
SUANDI TANDIRERUNG & PATRICIA MARINA FARIDA,2
TITA MEUTHIA DAILI,2
TOM SURYADI & LINAWATI SURJADI,2
WELLINGTON HUTAPEA,2
WIWIE SUMARDI,2
OPA SARWONO & OMA NING,2
OM ADIT & TANTE YEYEN,3
TANTE GIA & OM ARGO,3
MBA LINA & MAS KRIS,5
TOENS,5
RAMBO,2
MAMA PAPA,2
PAPA & VENTY,2
YOGA & PUTRI,2
ANDRE & STELLA & TANTE DIANA,5
GANDHI & WULAN,4
MAS BUDI & FAM,4
JENNY T,2
WIWIT ANDI,2
MIMI TOBING,2
CYNTIA WATUNG,2
SIENNY PAULINA,2
ARDI WARDANA,2
BONAR NASUTION,2
BUDIWATY RUSANDY,2
MARIA ELIZABETH & EYANG SOEGI,2
DEVYANA CECILIAWATI L,2
